tp_pt,pt_br
yby,terra
tatá,fogo
y,água
ybytu,ar
ybaté,norte
guyra,sul
kuarasysembaba,leste
kuarasyreikeaba,oeste
ybakybypá,universo
iasytatatyba,galáxia
ybyarana,planeta
ybyara,planeta_terra
tetamusu,país
ybyrapytangaretama,brasil
pindorama,brasil
pindoretama,brasil
tabusu,cidade
apuanã,comunidade
mbairumõ,soma
mbaemokanhema,subtração
mbaemoiaoka,divisão
mbaemoioara,multiplicação
oioiabé,igualdade
amangyr,chuvoso
kuarasy,ensolarado
royiukyr,neve
ybating,nublado
tining,seco
pytuur,ventoso
tekoaparaba,biomas
kua,baía
apekũ,brejo
kaatinga,caatinga
matabranca,caatinga
ytu,cachoeira
kaaatãndyba,cerrado
nhũ,campo
caminhodecanoas,igarapé
ypaũ,ilha
upaba,lago
ygapó,raíz_dágua
guaparayba,mangue
guaparaytyba,manguezal
paranã,mar
ygapyra,nascentes_dágua
paranaguasu,oceano
paranãembeyba,praia_do_mar
yembeyba,praia_do_rio
pará,rio_grande
y,rio
ty,rio
jy,rio
ybytybyra,serra
ybytyguaia,vale
ybaka,céu
iasytatá,estrela
iasytatabebé,estrela_cadente
iasytataguasu,estrela_dalva
pirapanema,estrela_dalva
guanhamy,constelação
panaku,constelação
kurusá,cruzeiro_do_sul
iasy,lua
iasyobaguasu,lua_cheia
iasysẽmamo,lua_nova
iasykyraĩ,lua_crescente
iasyangaibara,lua_minguante
ybatinga,núvem
kuarasy,sol
tuibae,ancião
tapiira,anta
syguasu,cervo
kurusu,cruzeiro_do_sul
nhandu,ema
iasytatá,estrela
tapirapé,via_láctea
seixu,plêiades
iabebyra,arraia
pirakamuku,bagre
pirapuama,baleia
kuruatapinima,bonito
iurará,cágado
potĩ,camarão
kamuri,camuri
kamurupy,camurupi
akará,cará
usá,caranguejo
akarapeba,carapeba
guakari,akari
guarapuku,cavala
guatukupá,corvina
piraiuba,dourado
pukusi,golfinho
iundia,jundiá
araberi,lambari
karamuru,lampreia
guairaká,lontra
paranambora,marisco
kunapu,mero
amoré,moreia
karamuru,moreia
airiré,marreca_piadeira
musũ,mussum
reri,ostra
pirá,peixe
guaraguá,peixe_boi
manatí,peixe_boi
piaba,piaba
piranha,piranha
kurimã,tainha
iurukuá,tartaruga
taraira,traira
iperu,tubarão
kururu,sapo
siri,seri
iui,rã
mosyky,caravela
iasy,estrela_do_mar
pindaiba,ouriço_do_mar
pindá,ouriço_do_mar
kambyguara,mamiferos
tapiira,anta
tapi´irusu,anta
ay,bicho_preguiça
aiká,bôto
pukusĩ,bôto
kabará,cabra
syguasumẽ,cabra
iaguara,cachorro
iaguamimbaba,cachorro
kapiiguara,capivara
tapiti,coelho
acuti,cotia
sarigué,gambá
marakaiá,gato_do_mato
marakaiá,gato
marakaiaĩ,gato
guaxinĩ,guaxinim
iaguasininga,guaxinim
jaguara,jaguar
aguaraguasu,lobo
guariba,macaco_guariba
sagui,macaco_sagui
mokó,mocó
andyrá,morcego
iaguara,onça
iaguareté,onça
taiasu,porco
taiasuguaia,porco_doméstico
apereá,preá
iaguapytanga,raposa
guabiru,rato
tamanduá,tamanduá
tatu,tatu
syguasu,veado
akauã,acauã
coã,acauã
karipirá,alcatraz
taperá,andorinha
anũ,anum
guyraakangatara,anum_branco
arara,arara
ybyiáu,bacurau
guainumby,beija_flor
pitanguá,bem_te_vi
inambukarapé,codorna
kaburé,coruja
pikuipinima,fogo_apagou
sairusu,azulão
guyrasapukaia,galinha
guará,garça
guyratinga,garça_branca
guyraguasu,karakará
guyrauna,grauna
guarapirá,guarapirá
inambu,inhambu
iasanã,aguapeasoka
ieruti,juriti
guyranheenguetá,lavadeira_mascarada
mbiarataka,maritaca
karará,mergulhão
guyrá,pássaro
urubu,urubu
iabuti,jabuti
kaninana,caninana
mboisininga,cascavel
mboia,cobra
mboipiranga,cobra_coral
iakaré,jacaré
iyboia,jiboia
ameresyma,lagartixa
ururá,lagarto_dágua
senemby,iguana
iurukuguá,tartaruga
teiu,teju
teiuguasu,teju
eirapua,abelha
amanasãia,abelha
nhandui,aranha
arabé,barata
panama,borboleta
nhanduguasu,caranguejeira
iabetuka,carrapato
iakyrana,cigarra
kupiĩ,cupim
nhanduabiiu,escorpião
tasyba,formiga
tukura,gafonhoto
kyiu,grilo
kaaiara,louva_a_deus
ambuá,centopeia
mberu,mosca
nhatiuasu,pernilongo
kyba,piolho
tataurana,lagarta_de_fogo
urupé,cogumelo
paraguakaré,búzio
piriguaia,búzio
iatitá,caracol
uruguá,caracol
saruiaguasu,caramujo
kupasy,caramujo
piraysoka,lula
paranambora,marisco
seruru,mexilhão
reri,ostra
tasoka,vermes
sapoaiobaia,lombriga
teikuatatina,lombriga_pequena
kandaguasu,minhoca
mbaetatá,batatão
atuasuabaybotymirĩ,cumade_fulôzinha
kurupira,curupira
angaraíba,encantados
anguera,espíritos_desencarnados
yiara,iara
guaparaybaruba,pai_do_mangue
aipi,aipim
naná,ananás
arasá,araçá
aratycu,araticum
iataboka,bambu
takuara,bambu
akaiuyba,cajueiro
takuareẽ,cana_de_açúcar
uubeẽ,cana_de_açúcar
pakokaatinga,cana_do_mato
iakuakanga,cana_do_mato
kapii,capim
karanayba,carnauba
ybyraguyguyba,carvalho
iukueri,dormideira
ambayba,embauba
paraparayba,embauba
karaguatanema,erva_babosa
amongueaba,graminea
ybyrauna,grauna
ybabiraba,guabiroba
ybyrarema,guararema
umbu,imbuzeiro
ingá,ingá
karainambi,inhame
iabotikaba,jaboticaba
iykytybá,jequitibá
ietayba,jatai
ietayba,jatobá
iuá,juá
piripiri,junco
kapiipururuka,junco
iurebeba,jurubeba
macaxera,macaxeira
iarakatiá,mamoeiro_do_mato
mandioka,mandioca
abati,milho
moresi,murici
mukunã,olho_de_boi
ybetá,kaa
ybyrapytanga,pau_brasil
guyraparyba,pau_darco
ybyrarema,pau_dalho
apeyba,pau_de_jangada
pekiá,pequiá
yperoba,peroba
pitomba,pitomba
kopisaba,roça
iekytyguasu,saboeiro
iasapé,sapé
iasapukaia,sapucaia
taynha,semente
iataboka,taquara
takuara,taquara
timbó,timbó
kurua,trepadeira
ambuiaembó,trepadeira
urikuri,uricuri
pynõ,taramiarana
tupeisaba,vassourinha
kauiyba,videira
iuguá,visgo
ypirangapupé,rio_tinto
ybytyrusu,monte_mor
jaraguá,jaraguá
kaapytuna,mata_escura
kaapuera,silva_de_belém
itaépe,taepe
akaiutebiróretãme,baia_da_traição
akaiutebiró,akajutibiro
tambáapytera,alto_do_tambá
mbytakatu,bem_fica
karaíba,bento
kumarũ,cumaru
ybytyratã,forte
kaaupaba,lagoa_do_mato
ybatyba,laranjeiras
kunhãngaraíba,santa_rita
akauãapytera,são_francisco
apyabebé,são_miguel
kaaeté,silva
uipeguera,tracoeira
ybykuapabapupé,marcação
apekũmirĩ,brejinho
tapyaguera,caieiras
kamurupĩ,camurupim
ytuporanga,carneira
inaiaguasumirĩ,coqueirinho
pepuera,estiva_velha
kurubyuna,grupiuna
candidokurubyuna,grupiuna_dos_cândido
jacarédecesarý,jacaré_de_cesar
domingojacarey,jacaré_de_são_domingos
upabusu,lagoa_grande
jaramataia,tramataia
mosapyry,três_rios
yrapé,val
ybykuara,ybykuara
abá,ser_humano
apyaba,homem
kunhã,mulher
sakuãibae,macho
kunhã,fêmea
tayra,filhote
guyrasapukaiasakuãibae,galo
guyrasapukaiakunhã,galinha
tupia,ovo
baka,vaca
tapiira,vaca
mboi,boi
kabaru,cavalo
purua,feto
pitangĩ,bebê
pitanga,criança
kunumĩ,menino
kunumiguasu,jovem
kunumiguasuaba,jovem
kakuaba,adulto
tuibae,ancião
guaibĩ,anciã
kunhataĩ,menina
kunhãmuku,moça
kunhãmukupuara,mulher
kunhãpurua,mulher_grávida
ygabebé,avião
bebesara,avião
itaguyrá,avião
guyraguasu,avião
pararãkoia,bicicleta
ygara,canoa
moruru,carro
moreru,carro
ieremyia,moto
motú,moto
ygarusu,navio
terẽguasu,trem
úbi,uber
uru,veículo
amyipaguama,avós
amỹia,avô
aryĩa,avó
uba,pai
sy,mãe
mena,marido
emirekó,esposa
membyra,filho_ou_filha_de_mulher
ayra,filho_de_homem
aiyra,filha_de_homem
emiminõ,neto
ayretá,descendentes
kunhayba,namorada
abayba,namorado
taixó,sogra_de_homem
mendy,sogra_de_mulher
atuuba,sogro_de_homem
menduba,sogro_de_mulher
ykeyra,irmão_mais_velho_de_homem
ybyra,irmão_mais_novo_de_homem
endyra,irmã_de_homem
kybyra,irmão_de_mulher
pykyyra,irmã_mais_nova_de_mulher
ykera,irmã_mais_velha_de_mulher
anama,parente_em_geral
mũ,parente_consanguíneo
okyguara,parente_de_casa
atuasaba,compadre_ou_comadre
iybaguyra,axila
tendybaaba,barba
tygué,barriga
amby,barriga_parte_inferior
iuru,boca
tobapé,bochecha
tetobapé,bochecha
iybá,braço
kuara,buraco
pytá,calcanhar
aputuuma,cérebro
nhyã,coração
teté,corpo
kupé,costas
atukupé,costas
aseia,costas
uba,coxa
puã,dedo_da_mão
pysã,dedo_do_pé
tobakuruba,espinha_do_rosto
tobá,face_rosto
aseoka,garganta
tendypyã,joelho
apekú,língua
pó,mão
aka,chifre
kamby,leite_materno
anga,espírito_alma
tekoaibuguy,menstruação
ekatuaba,mão_direita
asu,mão_esquerda
tebira,nádegas
tĩ,nariz
tesá,olho
atyyba,ombro
nambi,orelha
apysá,ouvido
tymãoo,panturrilha
py,pé
potia,peito
takuãia,pênis
tetymã,perna
aiura,pescoço
nhyãbebuia,pulmão
papy,pulso
tesaiyra,pupila
kama,seio
sybá,testa
pynhuãkanga,tornozelo
puruã,umbigo
tapupira,vagina
kuara,vagina
tuaia,rabo_cauda
tendy,saliva
tuguy,sangue
tayra,sêmen
kaneõ,cansaço
tĩo,congestão_nasal
pireỹia,coceira_de_pele
teikuaruguy,diarreia
tasy,dor
akangasy,dor_de_cabeça
aseokasy,dor_de_garganta
tooasy,dor_muscular
teteasy,dor_no_corpo
tesaasy,dor_nos_olhos
akanunduka,febre
takuba,febre
pueraia,fadiga
mbaeupotareyma,falta_de_apetite
mbaeuseieyma,falta_de_apetite
membeka,fraqueza
tatãeyma,fraqueza
piraíba,mancha_de_pele
piraipiranga,mancha_vermelha_de_pele
tekoaiba,mal_estar
tĩy,secreção_nasal
uutininga,tosse_seca
gueena,vômito
mbeiu,beiju
miapeatã,biscoito
miapé,bolo
cafery,café
kaary,chá
seẽbae,doce
kaaposanga,ervas_medicinais
mandiokui,farinha_de_mandioca
mandioka,mandioca
macaxeira,macaxeira
aipiĩ,macaxeira
mingau,mingau
kyynha,pimenta
pipoka,pipoca
mindypirõ,pirão
iukyra,sal
typuera,suco
tapioka,tapioca
kaui,vinho
kapixaba,agricultor
tatamonguepara,bombeiro
nheengasara,cantor
tekokuapareté,cientista
kuatiasara,escritor
mbyapuá,jogador
moroposanongara,médico
mokokara,motorista
nheengasara,músico
maenandara,vigilante
ieporakasara,pescador
moromboesara,professor
marãtekoara,trabalhador
porabykyara,trabalhador
moromboesarusu,gestor
moropytyboana,secretário
mongaturondara,coordenador
miumoiypara,cozinheiro
miuaposara,merendeiro
mimboeraroana,inspetor
amynyiu,algodão
patuá,balaio
akangaoba,chapéu
itasyra,enxada
maniyba,maniva
iykuara,machado
potyra,flor
ybotyra,flor_de_planta
kysé,faca
kó,roçado
kopira,roçado
kopixaba,roçado
taynha,semente
akangaoba,chapeu
arapuka,armadilha
mundé,armadilha
koty,armadilha
taiupara,abrigo
sama,corda
tupiara,cão
ybyrapokaba,espingarda
kyseguasu,facão
tataguasu,fogueira
ybyraangaba,mapa
mbaeteguama,veneno
tatapynha,carvão
tatapynhapyara,carvoeiro
potyrõ,mutirão
jepeaba,lenha
ybyrá,madeira
ybyrakytiaba,serra
nhemosaraia,brincadeira
nhemosarai,brincar
ierepa,ciranda
nhemima,esconde_esconde
peteka,peteca
sekobé,seõ
samberereka,pular_corda
kaitaba,queimada
tatapeguaba,abanador
akangupaba,almofada
puãmbora,anel
ybyrapara,arco
tembeposanga,batom
aió,bolsa
taagaba,boneco
ybyrapema,borduna
nambypora,brinco
nambypaia,brinco_de_pêndulo
akangaoba,chapéu
akangatara,cocar
karanaybakangatara,cocar_de_palha
pepoakangatara,cocar_de_pena_de_asa
sakangatara,cocar_de_penas_miudas
poyra,colar
sama,corda
posanga,cosméticos
ieguakaba,enfeite
upaba,esteira
mosausuporanga,filtro_dos_sonhos
mimby,flauta
uuba,flecha
maraká,maracá
nhaẽpepó,panela_de_barro
kamusi,peça_de_louça
unguá,pilão
unguáobaiara,pilão_socador
kaaokendaba,porta_de_palha
nhaẽ,prato_de_barro
pysá,puçá
popyxuara,pulseira
inĩ,rede_de_dormir
posanga(m),remédio
apeibaoba,saia_de_jangada
toréaoba,saia_de_toré
pyuru,sapato
pyaoba,bota
kamasoiaba,sutiã
moromombytá,acolhimento
irũ,amigo
tausupara,amigo
temiausuba,amigo
temimboe,aluno
mimboe,aluno
tekoporanga,arte
tekomombeguaba,auditório
moromboesaba,aula
nhemboesaba,aula
iekuapaba,aviso
iasukaba,banheiro
kunhataĩiasukaba,banheiro_de_meninas
kunumĩiasukaba,banheiro_de_meninos
yguaba,bebedouro
kuatiaroka,biblioteca
apykaba,cadeira
cerurá,celular
ytyuru,cesto_de_lixo
tekokuapaba,ciência
irũ,colega
iruguasu,colega
irumirĩ,colega
mbaepapasaba,computador
iekokaba,corrimão
miumoiypaba,cozinha
nhemboesabaparaba,disciplina
mosanongabĩ,enfermaria
teikeaba,entrada
ieupisaba,escada
tatamonguepaba,extintor_de_incêndio
poranduba,história
mimboeraroana,inspetor
okembysá,janela
yty,lixo
mbabasaba,matemática
miumoiypara,merendeira
karuapeba,mesa
poranduba,narrativa
okara,pátio
moromboesarusu,gestor_diretor
tapixara,parente
moromboesara,professor
mboesara,professor
okena,porta
karuaba,refeitório
boiauba,robô
sembaba,saída
koty,sala
itamaraká,sino
itamarakapú,som_do_sino
moropytyboana,secretário
iruguasu,tio
atuasaba,aliado
poru,antropofagia
ieguakaba,artesanato
nhemongaraiba,se_consagrar
terokaba,acréscimo_ou_troca_de_nome
nhemoiasukaba,batismo
guarará,bombo
nheengara,cantos
mendasaba,casamento
kaatimbora,catimbó
petymbuaba,catimbó
kauĩ,cauim
tupãrerobiara,crença_em_deus
poraseia,dança
poraseitara,dançador
moromotimbora,defumação
mbaemotimbora,defumação
angaraíba,encantados
anguera,encantados
teombuera,sepultamento
tymbaba,enterro
ierobiara,fé
toryba,festa
mimby,flauta
taangaiekuapaba,grafismos
mbaemopusara,instrumentos
jurema,jurema
juremá,jurema
maraká,maraca_ou_maracá
tupãmongetá,oração
ieruresaba,oração
kyreymbaba,padroeiro
taroana,padroeiro
paié,pajé
pajé,pajé
karaimonhanga,pajelança
moromombuepaba,pajelança
tembiumoiaoka,partilha_de_alimento
ianipakuatiara,pintura_de_jenipapo
ianipaguera,pintura_por_se_sujar
nheengaryiara,puxador_de_cantos
ieruresaba,reza
tekomonhangaba,rito
tekomonhangaba,ritual
torypaba,ritual
amandaba,roda
ianypaba,tinta_de_jenipapo
guararámopusara,tocador_de_bumbo
mimbypysara,tocador_de_flauta
marakámopusara,tocador_de_maracá
iuremaroba,folha_da_jurema
sobĩetá,folhinhas
oioirundykekatuaba,quatro_elementos
potĩguasu,camarãozão
mosausuporanga,filtro_dos_sonhos
sapukaiusuyba,árvore_de_marcação
oiepéiuremĩ,jureminha
kaamondoara,caçador
pirakanguera,espinha_de_peixe
kamusĩ,panela_de_barro_louça_fina
eiratyra,colmeia
montemórapé,caminhos_de_monte_mór
kaaetá,matas
mboipiranga,coral
iyboiusu,salamanta
guarapirá,guarapirá
mbaeyma,zero
oiepé,um
mokõi,dois
mosapyr,três
oioirundyk,quatro
mbó,cinco
mboiepé,seis
mbomokõi,sete
mbomosapyr,oito
mborundyk,nove
muã,dez
muãiepé,onze
muãkõi,doze
muãsapyr,treze
muãrundyk,quatorze
muãmbó,quinze
muãmboiepé,dezesseis
muãmbomokõi,dezessete
muãmbomosapyr,dezoito
muãmborundyk,dezenove
mokõimuã,vinte
mosapyrmuã,trinta
oioirundykmuã,quarenta
mbómuã,cinquenta
sẽ,cem
mĩ,mil
mirã,milhão
mbirã,bilhão
ypy,primeiro
mokõia,segundo
mosapyra,terceiro
oioirundyka,quarto
mbosaba,quinto
mboiepésaba,sexto
mbomokõia,sétimo
mbomosapyra,oitavo
mborundyka,nono
muãndaba,décimo
muãndaboiepesaba,décimo_primeiro
muãkoia,décimo_segundo
muãsapyra,décimo_terceiro
muãrundyka,décimo_quarto
muãmbosaba,décimo_quinto
muãmboiepsaba,décimo_sexto
muãmbomokõisaba,décimo_sétimo
muãmbomosapyra,décimo_oitavo
muãmborundyka,décimo_nono
muãmuãndaba,vigésimo
arypy,domingo
aramokõia,segunda_feira
aramosapyra,terça_feira
arairundyka,quarta_feira
arambó,quinta_feira
aramboiepé,sexta_feira
arambomokoia,sábado
iasypy,janeiro
iasykõia,fevereiro
iasymosapyra,março
iasyrundyka,abril
iasypó,maio
iasypoiepé,junho
iasypokõia,julho
iasypomosapyra,agosto
iasypoirundyka,setembro
iasypuã,outubro
iasypuãiepé,novembro
iasypuãkõia,dezembro
mbotyraara,primavera
kuarasyara,verão
sobueraara,outono
royara,inverno
abaetéareteguasu,dia_dos_povos_indígenas
mosapyrypuambagueraara,dia_da_retomada_de_três_rios
tupinheengaara,dia_da_língua_tupi
apyabebeguasuara,dia_de_são_miguel_arcanjo
domingojacareyara,dia_de_jacaré_de_são_domingos
potĩguaretáara,dia_dos_potiguaras
ybytyrusuara,dia_da_terra_indígena_de_monte_mór
iub,amarelo
obyeté,azul
ting,branco
pytun,escuro
tanimbuk,cinza
ting,claro
itaiub,dourado
pytanhub,laranja
pytãpytun,marrom
pytang,pardo
itating,prateado
un,preto
obykanuguá,roxo
pytambotyr,rosa
oby,verde
pirang,vermelho
peb,achatado
ekotebẽ,aflito
oryb,alegre
puku,alto
umuan,antigo
ymuan,antigo
ai,azedo
obyeté,azul
mbegué,baixo_som
pu,barulhento
angaturam,bom
marangatu,bom
katu,bom
porang,bonito
aysó,bonito
matueté,bonito
nharõ,bravo
berab,brilhante
kaneõ,cansado
akytaĩ,curto
apuaĩ,curto
peb,chato
ynysem,cheio
puku,comprido
pyatã,corajoso
panem,covarde
manema,covarde
mbegué,devagar
abaíb,difícil
tupã,divino
eẽ,doce
maraar,doente
atã,duro
atangatu,duro
memuã,errado
poxy,estragado
puku,extenso
ambyasy,faminto
serapuan,famoso
abaibeym,fácil
aub,falso
memuã,falso
ran,falso
porangeym,feio
oryb,feliz
nharõ,feroz
aysó,formoso
atã,forte
membek,fraco
roy,frio
é,gostoso
ékatu,gostoso
eburusu,grande
turusu,grande
abaeté,honrado
tekokuabeym,ignorante
panem,imprestável
nhemoryryi,interessado
tekokuab,inteligente
akangatu,inteligente
eté,legítimo
bebúi,leve
apuan,ligeiro
angaingaíba,louco
akangaíb,louco
pub,macio
angaibar,magro
aib,mal
angaipab,mau
memuã,mau
sykyié,medroso
membek,fraco
pub,macio
akym,molhado
ekotebẽ,necessitado
katu,normal
pysasu,novo
abyareym,parecido
posýi,pesado
mbaeeym,pobre
peb,plano
ynysem,pleno
nhemoryryi,preocupado
akub,quente
nharõ,raivoso
apuan,rápido
pokang,raro
pysasu,recente
nheran,resistente
popyatã,resistente
mbaeetá,rico
aib,ruim
memuã,ruim
karaíb,sagrado
eẽiukyr,salgado
tining,seco
opesýi,sonolento
kya,sujo
aruru,triste
poreym,vazio
kyreym,valente
puer,velho
supinduara,verdadeiro
mbaeeté,verdadeiro
ereikokatu,parabéns
eikobé,olá
tiándekoema,bom_dia
tiándekaruka,boa_tarde
tiándepytuna,boa_noite
nderuraikatu,seja_bem_vindo_!
ereiúrype?,você_veio_?
pá,aiur
eẽ,aiur
auié,tudo_bem
tiasóebapó,vamos_lá
ereikobépe?,você_está_bem_?
ndekatúpe?,você_está_bem_?
marãpeereikó?,como_você_está_bem_?
mamõsuípeereiur?,de_onde_você_veio_?
mamõpeeresóne?,pra_onde_você_vai_?
mbaepeikó?,o_que_é_isto_?
abápeae?,quem_é_ele_?
abápeendé?,quem_é_você_?
marãpenderera?,como_é_teu_nome_?
mbobyroýpeererekó?,quantos_anos_você_tem_?
eẽ,aikobé
xekatueté,estou_muito_feliz
xeroryb,estou_muito_feliz
endépe?,e_você_?
oi,oi
aikokatu,estou_bem
xekatu,estou_bem
aiurxeretamasui,vim_da_minha_terra
asóxekópene,vou_ao_meu_roçado
ikóamõmbae,isto_é_alguma_coisa
aexeirũ,ele_é_meu_colega
ixéparaibyguara,sou_paraibano
xerera,meu_nome_é
naikokatúixekatúi,não_estou_bem
naikokatúinaxekatúi,não_estou_bem
naikokatúi/naxekatúi,não_estou_bem
naxerorýbi,não_estou_feliz
naxerorybetéi,não_estou_muito_feliz
xearuru,estou_triste
xearurueté,estou_muito_triste
xekatupyryb,mais_ou_menos
aã,não
aani,nunca
ndeangaturamaresé,por_gentileza
nderemimotararupi,com_licença
ndenhyrõxébe,desculpe_me
aimoasy,lamento
aikuguab,obrigado
nambaeruãresé,de_nada
auié,okay
certo,okay
auiebeté,muito_bem
auiekatutenhẽ,excelente
tó,xeputupab
tóxeputupab,nossa_estou_impressionado
mã,que_pena
mã,infelizmente
tiporemonã,amém
tiporemonã,que_seja_assim
iamuru,bem_feito_pra_ele
tupãxepysyrõ,deus_me_livre
tupãaipópotáreme,se_deus_quiser
tupãresé,graças_a_deus
emonãtemõmã,quem_dera_fosse_assim
tiakau,vamos_beber_cauim
taté,cuidado
nderesaetá,cuidado
oroausub,eu_te_amo
opoausub,eu_amo_vocês
neĩ,neĩ
neĩ,neĩ
aiurikó,eu_volto_aqui
tiaioepiakoirandé,a_gente_se_vê_amanhã
tereiur,que_voltes
tereiurumẽ,que_você_não_volte_mais
asóikó,adeus
eikobé,passe_bem
epytátupãirũnamo,fique_com_deus
auié,certo
ereikokatueté,você_agiu_muito_bem
katueté,bom_demais
katueté,muito_bem
xeputupab,estou_impressionado
ndeberabeté,brilhante
oromoeté,eu_te_parabenizo
tasorybroypysasu,feliz_ano_novo
tasorybnderoymoauié,feliz_aniversário
eiké,entre
peiké,entrem
aikoiké!,estou_aqui
aikoiké,estou_aqui
aikoiké!,presente
aikoiké,presente
nouri,não_veio
opor,faltou
noikoiiké,não_está_aqui
oimopanemmboesaba,faltou_a_aula
eiapónderembiapó,faça_tua_atividade
mbapenderoy?,qual_teu_série_?
tiatupãmongetá,vamos_orar
tiatupãmongetá,vamos_com_deu_conversar
tiasópekuatiarókype?,vamos_à_biblioteca_?
tiasópeokárype?,vamos_para_o_pátio_?
tiasópematemáticakoty,vamos_à_sala_de_matemática_?
ndeapysýkypeliteraturaresé?,você_gosta_de_literatura_?
ndeapysykýpematemáticaresé?,você_gosta_de_matemática_?
tiakaru,vamos_comer
tiakaruumẽ,não_vamos_coma
abápeendé,quem_é_você_?
abápeikóabá,quem_é_esta_pessoa_?
abápeae,quem_é_ele_?
mbaepeereimonhang,o_que_você_está_fazendo_?
mbaepeereiapó,o_que_você_está_preparando_?
umãpenderemiausuba,cadê_teu_amado_?
mamõpeaeoikó,onde_ele_está_?
marãpe,como_?_de_que_modo_?
marãpe,como_?
marãpe,de_que_modo_?
marãnemepe,quando_?_em_quais_ocasiões_?
marãnemepe,quando_?
marãnemepe,em_quais_ocasiões_?
marãnamope,por_que_?
mbaeresépe,por_que_razão_?
abambaepeikó,de_quem_é_isto_?
abasupépeiko,para_quem_é_isso_?
abásuípeikó,de_quem_foi_isso_?
ndembaepe,é_teu_isso_?
eẽkoipóaã,sim_ou_não?
mbaepesepy,qual_é_o_preço_dele_?
ixénderausupara,sou_teu_amigo
aexeirũ,aquele_é_meu_colega
aexereminguaba,ele_é_meu_conhecido
aimonhangnambaeruã,estou_fazendo_nada
aiapóxerembiapó,estou_preparando_minha_atividade
aeoporabykyoikóbo,ele_está_trabalhando
aeoikóotápe,ele_está_em_sua_aldeia
aeokeroikóbo,ele_está_dormindo
aeokeropákarúkeme,ele_dorme_todas_as_tarde
oopesyikatureme,porque_ele_temmuito_sono
oporabykysápe,por_causa_do_seu_próprio_trabalho
kómbaexembae,esta_coisa_é_minha
kómbaendembaerama,esta_coisa_será_tua
kómbaexembaepuera,esta_coisa_foi_minha
eẽ,ndembaeé
eẽnhẽ,sim_realmente
imokonhõĩ,é_pouquinho
koema,manhã
koema,dia
karuka,tarde
pytuna,noite
katu,bem
pá,sim
eẽ,sim
xe,eu
endé,tu
ae,ele
mbobýpe?,quantos_?
mbobýpe?,quantas_?
amõ,algum
amõabá,alguém
mbae,coisa
mbae,algo
ixé,eu
roy,ano
nhyrõ,perdoar
xébe,a_mim
xebe,a_mim
xebe,para_mim
nambaeruã,nada
tó,oh
tó,ah
tó,nossa
putupab,impressionado
muru,maldito
murukuiá,maracujá
pysyrõ,livrar
pysyrõ,salvar
aipó,esse
temõ,quem_dera
oirandé,amanhã
irũnamo,companheiro
irũ,companheiro
abápe,quem_?
abá,alguém
ae,porém
umãpe,onde_?
umãpe,cadê_?
mamõpe,onde_?
mamõpe,aonde_?
mamõpe,de_onde_?
mbae,coisa
mbae,algo
mbae,riqueza
abambaepe,de_quem_?
abasupépe,para_quem_?
abásuípe,de_quem_?
mbaepe,quê_?
mbaepe,que_coisa_?
mbaepe,qual_?
obá,rosto
obá,cara
kó,este
kó,estes
kó,esta
kó,estas
apixab,ferir
guarinĩ,guerreiro
puká,rir
aseiar,abandonar
eiar,abandonar
aimongatu,abençoar
mongatu,abençoar
aimongaraíb,abençoar
mongaraíb,abençoar
aiaiuban,abraçar
aiuban,abraçar
aimondyk,acender
mondyk,acender
aguasem,achar
guasem,achar
apak,acordar
pak,acordar
arobiar,acreditar
robiar,acreditar
erobiar,acreditar
erobiara,acreditar
xerasy,adoecer
asy,adoecer
aimoeté,adorar
moeté,adorar
aikuab,agradecer
kuab,agradecer
aipytybõ,ajudar
pytybõ,ajudar
aimooryb,alegrar
mooryb,alegrar
aiopoi,alimentar
poi,alimentar
poia,alimentar
asausub,amar
ausub,amar
aiapytĩ,amarrar
apytĩ,amarrar
aimondok,arrancar
mondok,arrancar
aiook,arrancar
ok,arrancar
oka,arrancar
aimongaturõ,arrumar
mongaturõ,arrumar
aipeiu,assoprar
peiu,assoprar
aimosykyié,assustar
mosykyié,assustar
apuam,atacar
puam,atacar
asepenhan,atacar
epenhan,atacar
aiapytĩ,atar
apytĩ,atar
aiityk,atirar
ityk,atirar
asasab,atravessar
asab,atravessar
aiirumõ,aumentar
irumõ,aumentar
aipetek,bater
petek,bater
apuar,bater
puar,bater
aiepokok,bater
iepokok,bater
aserok,batizar
erok,batizar
ayu,beber
u,beber
yu,beber
aipyter,beijar
pyter,beijar
aberab,brilhar
berab,brilhar
anhemosarai,brincar
nhemosarai,brincar
asekar,buscar
ekar,buscar
aar,cair
ar,cair
anhemokyrirĩ,calar
nhemokyrirĩ,calar
anheengar,cantar
nheengar,cantar
aipysyk,capturar
pysyk,capturar
amendar,casar
mendar,casar
ainupã,castigar
nupã,castigar
asenõi,chamar
enõi,chamar
aguasem,chegar
guasem,chegar
aiaseo,chorar
iaseo,chorar
amanaokyr,chover
kyr,chover
aipyter,chupar
pyter,chupar
aiasoi,cobrir
asoi,cobrir
aseỹi,coçar
eỹi,coçar
aieypyrung,começar
ieypyrung,começar
aipyrung,começar
pyrung,começar
au,comer
u,comer
akaru,comer
karu,comer
asausubar,compadecer
ausubar,compadecer
aimoiaok,compartilhar
moiaok,compartilhar
aiporepyan,comprar
porepyan,comprar
aikuab,conhecer
kuab,conhecer
aimongetá,conversar
mongetá,conversar
aixoo,convidar
xoo,convidar
anhan,correr
nhan,correr
anonhen,corrigir
snonhena,corrigir
nonhen,corrigir
aikytĩ,cortar
kytĩ,cortar
aimondok,cortei
mondok,cortei
